"mean.gamma","mean.lambda","mean.p","sd.gam","sd.lam","sd.rho","model"
0.911662058711284,11.0098848270825,0.370895643773335,0.0962565560228999,0.425362890306233,0.855844201073408,"BBMC"
0.914386549476707,9.73130321373686,0.423445079600796,0.109479843019554,0.413793502952795,0.87807221082806,"BRMC"
0.919339079916645,9.84134931172432,0.419046821560293,0.116573222261161,0.420987307800475,0.888960332886188,"BUMC"
0.91555423548405,9.83945598982814,0.419190228415159,0.117288087884055,0.418910759918761,0.88862420431146,"AUMC"
